Model,Best_Epoch,Test_MSE,Test_MAE,Test_RMSE,Test_STD_ERROR
CNN,21,0.0048912810161709785,0.040214478969573975,0.06993769381507356,0.0696810707449913
