Model,Best_Epoch,Test_MSE,Test_MAE,Test_RMSE,Test_STD_ERROR
GRU,27,0.004736183676868677,0.039437174797058105,0.06881993662354446,0.06825298815965652
