Model,Best_Epoch,Test_MSE,Test_MAE,Test_RMSE,Test_STD_ERROR
LSTM,3,0.005381899885833263,0.03944429010152817,0.07336143323186416,0.07158790528774261
