Model,Lambda_Physics,Best_Epoch,Test_MSE,Test_MAE,Test_RMSE,Test_STD_ERROR
PINN,1.0,29,0.005129671655595303,0.039710432291030884,0.07162172614224892,0.07060358673334122
